P_Tr,L_Tr,Load_Tr,,P_Long,L_Long,Load_Long,mass_per_unit_length,g,M_Pan
2,7.3,100,,2,21.3,100,0.497512438,980,100.1
3,19.1,200,,3,32.7,200,0.497512438,980,100.1
4,29.9,300,,4,60.4,300,0.497512438,980,100.1
5,42.9,400,,5,80.7,400,0.497512438,980,100.1
6,51.2,500,,6,98.6,500,0.497512438,980,100.1
7,83.3,600,,7,141.7,600,0.497512438,980,100.1
8,88.9,700,,8,172.7,700,0.497512438,980,100.1
